Item_Type,Total_Revenue,SKU_Count,Revenue_Share_%
WINE,156907.91,9815,40.95748767062965
LIQUOR,107178.7,2854,27.976730324201714
BEER,106223.43,2330,27.727377316777662
NON-ALCOHOL,8483.04,104,2.2143179793132046
KEGS,3824.0,532,0.9981742338706046
STR_SUPPLIES,560.1,25,0.1462022459181291
REF,25.27,4,0.006596198454474419
DUNNAGE,-103.0,4,-0.02688596916544777
